<?xml version='1.0' encoding='UTF-8'?><a036:getAllA036Response xmlns:a036="urn:be:cin:nip:a036ofpcsa">
   <informationCustomer>
      <ticket>fbf3a0d0-db0c-470d-b947-7da6e9ba76c6</ticket>
      <customerIdentification>
         <sector>11</sector>
         <institution>1</institution>
      </customerIdentification>
   </informationCustomer><informationCBSS><ticketCBSS>cff8bc66-d206-4ac1-86e2-ff975ff4707b</ticketCBSS><timestampReceive>2024-03-06T12:03:15.987Z</timestampReceive><timestampReply>2024-03-06T12:03:16.250Z</timestampReply></informationCBSS>
   
   <status>
      <value>ATTESTS_FOUND</value>
      <code>MSG00000</code>
      <description>Attests were found.</description>
   </status>
   <ssin>69020316643</ssin>
   <a036Attests>
      <a036Attest>
         <attestIdentification>
            <attestId>201202501753602</attestId>
            <attestStatus>ORIGINAL</attestStatus>
            <creationDate>2020-06-16+02:00</creationDate>
            <declarationDate>2020-06-16+02:00</declarationDate>
            <attestUpdatesAvailable>false</attestUpdatesAvailable>
         </attestIdentification>
         <validityPeriod>
            <beginDate>2019-12-01+01:00</beginDate>
            <endDate>2020-02-29+01:00</endDate>
         </validityPeriod>
         <category>RIS</category>
         <pcsaCbeNumber>212196111</pcsaCbeNumber>
      </a036Attest>
      <a036Attest>
         <attestIdentification>
            <attestId>211202500107664</attestId>
            <attestStatus>ORIGINAL</attestStatus>
            <creationDate>2021-02-16+01:00</creationDate>
            <declarationDate>2021-02-16+01:00</declarationDate>
            <attestUpdatesAvailable>false</attestUpdatesAvailable>
         </attestIdentification>
         <validityPeriod>
            <beginDate>2020-03-01+01:00</beginDate>
            <endDate>2021-02-28+01:00</endDate>
         </validityPeriod>
         <category>RIS</category>
         <pcsaCbeNumber>212196111</pcsaCbeNumber>
      </a036Attest>
      <a036Attest>
         <attestIdentification>
            <attestId>211202500109545</attestId>
            <attestStatus>ORIGINAL</attestStatus>
            <creationDate>2021-04-02+02:00</creationDate>
            <declarationDate>2021-04-02+02:00</declarationDate>
            <attestUpdatesAvailable>false</attestUpdatesAvailable>
         </attestIdentification>
         <validityPeriod>
            <beginDate>2021-03-01+01:00</beginDate>
            <endDate>2022-02-28+01:00</endDate>
         </validityPeriod>
         <category>RIS</category>
         <pcsaCbeNumber>212196111</pcsaCbeNumber>
      </a036Attest>
      <a036Attest>
         <attestIdentification>
            <attestId>231202500126955</attestId>
            <attestStatus>ORIGINAL</attestStatus>
            <creationDate>2023-02-17+01:00</creationDate>
            <declarationDate>2023-02-17+01:00</declarationDate>
            <attestUpdatesAvailable>false</attestUpdatesAvailable>
         </attestIdentification>
         <validityPeriod>
            <beginDate>2021-05-06+02:00</beginDate>
            <endDate>2021-08-05+02:00</endDate>
         </validityPeriod>
         <category>EQUIVALENT_RIS</category>
         <pcsaCbeNumber>212196111</pcsaCbeNumber>
      </a036Attest>
      <a036Attest>
         <attestIdentification>
            <attestId>211202501878311</attestId>
            <attestStatus>ORIGINAL</attestStatus>
            <creationDate>2021-12-21+01:00</creationDate>
            <declarationDate>2021-12-21+01:00</declarationDate>
            <attestUpdatesAvailable>false</attestUpdatesAvailable>
         </attestIdentification>
         <validityPeriod>
            <beginDate>2021-08-01+02:00</beginDate>
            <endDate>2022-01-31+01:00</endDate>
         </validityPeriod>
         <category>RIS</category>
         <pcsaCbeNumber>212196111</pcsaCbeNumber>
      </a036Attest>
      <a036Attest>
         <attestIdentification>
            <attestId>231202502299062</attestId>
            <attestStatus>ORIGINAL</attestStatus>
            <creationDate>2023-12-07+01:00</creationDate>
            <declarationDate>2023-12-07+01:00</declarationDate>
            <attestUpdatesAvailable>false</attestUpdatesAvailable>
         </attestIdentification>
         <validityPeriod>
            <beginDate>2023-09-01+02:00</beginDate>
            <endDate>2024-08-31+02:00</endDate>
         </validityPeriod>
         <category>RIS</category>
         <pcsaCbeNumber>212196111</pcsaCbeNumber>
      </a036Attest>
   </a036Attests>
</a036:getAllA036Response>