<?xml version='1.0' encoding='UTF-8'?><ns3:consultContributionVouchersResponse xmlns:ns3="urn:be:cin:nip:ContributionVoucherConsultation"><informationCustomer>
      <ticket>530a9ac2-0579-46f5-961f-9f06ebe0abc1</ticket>
      <customerIdentification>
         <sector>11</sector>
         <institution>1</institution>
      </customerIdentification>
   </informationCustomer><informationCBSS><ticketCBSS>930b64cf-fe4e-4b42-834d-c20bf1a0e67a</ticketCBSS><timestampReceive>2024-03-06T12:03:15.566Z</timestampReceive><timestampReply>2024-03-06T12:03:15.612Z</timestampReply></informationCBSS><legalContext>NICCIN:HEALTH_INSURANCE_BENEFITS</legalContext><criteria><ssin>69020316643</ssin><year>2023</year></criteria><status><value>NO_RESULT</value><code>MSG00013</code><description>Access to this operation is not allowed with the given legal context</description></status></ns3:consultContributionVouchersResponse>