<?xml version='1.0' encoding='UTF-8'?><pec:consultAllAttestationsResponse xmlns:pec="urn:be:cin:nip:pensioncare">
   <informationCustomer>
      <ticket>bab438b5-35a9-477c-a1b6-a0384c591c50</ticket>
      <customerIdentification>
         <sector>11</sector>
         <institution>1</institution>
      </customerIdentification>
   </informationCustomer><informationCBSS><ticketCBSS>5355de0e-a429-4908-9f98-fd57b7a95ede</ticketCBSS><timestampReceive>2024-03-07T08:42:37.425Z</timestampReceive><timestampReply>2024-03-07T08:42:38.445Z</timestampReply></informationCBSS>
   
   <legalContext>NICCIN:HEALTH_INSURANCE_BENEFITS</legalContext>
   <criteria>
      <ssin>40111502950</ssin>
   </criteria>
   <status>
      <value>DATA_FOUND</value>
      <code>MSG00000</code>
      <description>Treatment successful</description>
   </status>
   <ssin>40111502950</ssin>
   <result>
      <attestations>
         <attestation>
            <attestationIdentification>
               <attestationId>041010010069796</attestationId>
               <attestationStatus>CREATION</attestationStatus>
               <submittingInstitution>
                  <hdiOrganization>100001</hdiOrganization>
               </submittingInstitution>
               <validityPeriod>
                  <beginDate>2003-12-01</beginDate>
               </validityPeriod>
               <holder>DIGITAL</holder>
               <language>FR_NL</language>
            </attestationIdentification>
            <pension>
               <pensionIdentification>0</pensionIdentification>
               <hdiCode>88</hdiCode>
               <householdCategory>2</householdCategory>
               <pensionSuspensionRemovalReason>0</pensionSuspensionRemovalReason>
            </pension>
            <attestationFollowUp>
               <source>CBSS</source>
               <returnCode>000000</returnCode>
               <date>2004-02-06</date>
            </attestationFollowUp>
            <attestationFollowUp>
               <source>NICCIN</source>
               <returnCode>000000</returnCode>
               <date>2004-02-11</date>
            </attestationFollowUp>
            <attestationFollowUp>
               <source>R101</source>
            </attestationFollowUp>
            <attestationFollowUp>
               <source>P101</source>
            </attestationFollowUp>
         </attestation>
         <attestation>
            <attestationIdentification>
               <attestationId>051010030442810</attestationId>
               <attestationStatus>CREATION</attestationStatus>
               <submittingInstitution>
                  <hdiOrganization>100001</hdiOrganization>
               </submittingInstitution>
               <validityPeriod>
                  <beginDate>2005-12-01</beginDate>
               </validityPeriod>
               <holder>DIGITAL</holder>
               <language>FR_NL</language>
            </attestationIdentification>
            <pension>
               <hdiCode>81</hdiCode>
               <householdCategory>2</householdCategory>
               <pensionSuspensionRemovalReason>0</pensionSuspensionRemovalReason>
            </pension>
            <attestationFollowUp>
               <source>CBSS</source>
               <returnCode>000000</returnCode>
               <date>2005-10-12</date>
            </attestationFollowUp>
            <attestationFollowUp>
               <source>NICCIN</source>
               <returnCode>000000</returnCode>
               <date>2005-10-14</date>
            </attestationFollowUp>
            <attestationFollowUp>
               <source>R101</source>
            </attestationFollowUp>
            <attestationFollowUp>
               <source>P101</source>
            </attestationFollowUp>
         </attestation>
         <attestation>
            <attestationIdentification>
               <attestationId>053110011567030</attestationId>
               <attestationStatus>CREATION</attestationStatus>
               <submittingInstitution>
                  <hdiOrganization>100021</hdiOrganization>
               </submittingInstitution>
               <validityPeriod>
                  <beginDate>2005-12-01</beginDate>
               </validityPeriod>
               <holder>DIGITAL</holder>
               <language>FR_NL</language>
            </attestationIdentification>
            <pension>
               <pensionIdentification>0</pensionIdentification>
               <hdiCode>09</hdiCode>
               <householdCategory>2</householdCategory>
               <pensionSuspensionRemovalReason>0</pensionSuspensionRemovalReason>
               <mixedCareer>true</mixedCareer>
               <activityCode>0</activityCode>
               <activityStopDate>1978-12-31</activityStopDate>
            </pension>
            <attestationFollowUp>
               <source>CBSS</source>
               <returnCode>000000</returnCode>
               <date>2005-04-29</date>
            </attestationFollowUp>
            <attestationFollowUp>
               <source>NICCIN</source>
               <returnCode>000000</returnCode>
               <date>2005-05-04</date>
            </attestationFollowUp>
            <attestationFollowUp>
               <source>R101</source>
            </attestationFollowUp>
            <attestationFollowUp>
               <source>P101</source>
            </attestationFollowUp>
         </attestation>
      </attestations>
   </result>
</pec:consultAllAttestationsResponse>